{"file":"glassEye.png","frames":{
"eyes_big_000":{"x":573,"y":298,"w":284,"h":97,"offX":5,"offY":5,"sourceW":292,"sourceH":103},
"eyes_big_001":{"x":573,"y":298,"w":284,"h":97,"offX":5,"offY":5,"sourceW":292,"sourceH":103},
"eyes_big_002":{"x":573,"y":298,"w":284,"h":97,"offX":5,"offY":5,"sourceW":292,"sourceH":103},
"eyes_big_003":{"x":573,"y":100,"w":284,"h":97,"offX":5,"offY":5,"sourceW":292,"sourceH":103},
"eyes_big_004":{"x":1,"y":199,"w":284,"h":97,"offX":5,"offY":5,"sourceW":292,"sourceH":103},
"eyes_big_005":{"x":1,"y":496,"w":284,"h":97,"offX":5,"offY":5,"sourceW":292,"sourceH":103},
"eyes_big_006":{"x":1,"y":496,"w":284,"h":97,"offX":5,"offY":5,"sourceW":292,"sourceH":103},
"eyes_big_007":{"x":1,"y":496,"w":284,"h":97,"offX":5,"offY":5,"sourceW":292,"sourceH":103},
"eyes_big_008":{"x":1,"y":496,"w":284,"h":97,"offX":5,"offY":5,"sourceW":292,"sourceH":103},
"eyes_big_009":{"x":1,"y":496,"w":284,"h":97,"offX":5,"offY":5,"sourceW":292,"sourceH":103},
"eyes_big_010":{"x":287,"y":1,"w":284,"h":97,"offX":5,"offY":5,"sourceW":292,"sourceH":103},
"eyes_big_011":{"x":573,"y":397,"w":284,"h":97,"offX":5,"offY":5,"sourceW":292,"sourceH":103},
"eyes_big_012":{"x":573,"y":397,"w":284,"h":97,"offX":5,"offY":5,"sourceW":292,"sourceH":103},
"eyes_big_013":{"x":287,"y":100,"w":284,"h":97,"offX":5,"offY":5,"sourceW":292,"sourceH":103},
"eyes_big_014":{"x":287,"y":298,"w":284,"h":97,"offX":5,"offY":5,"sourceW":292,"sourceH":103},
"eyes_big_015":{"x":287,"y":298,"w":284,"h":97,"offX":5,"offY":5,"sourceW":292,"sourceH":103},
"eyes_big_016":{"x":287,"y":298,"w":284,"h":97,"offX":5,"offY":5,"sourceW":292,"sourceH":103},
"eyes_big_017":{"x":287,"y":298,"w":284,"h":97,"offX":5,"offY":5,"sourceW":292,"sourceH":103},
"eyes_big_018":{"x":573,"y":1,"w":284,"h":97,"offX":5,"offY":5,"sourceW":292,"sourceH":103},
"eyes_big_019":{"x":287,"y":199,"w":284,"h":97,"offX":5,"offY":5,"sourceW":292,"sourceH":103},
"eyes_big_020":{"x":573,"y":298,"w":284,"h":97,"offX":5,"offY":5,"sourceW":292,"sourceH":103},
"eyes_big_021":{"x":573,"y":298,"w":284,"h":97,"offX":5,"offY":5,"sourceW":292,"sourceH":103},
"eyes_big_022":{"x":573,"y":298,"w":284,"h":97,"offX":5,"offY":5,"sourceW":292,"sourceH":103},
"eyes_big_023":{"x":573,"y":298,"w":284,"h":97,"offX":5,"offY":5,"sourceW":292,"sourceH":103},
"eyes_big_024":{"x":1,"y":1,"w":284,"h":97,"offX":5,"offY":5,"sourceW":292,"sourceH":103},
"eyes_big_025":{"x":1,"y":298,"w":284,"h":97,"offX":5,"offY":5,"sourceW":292,"sourceH":103},
"eyes_big_026":{"x":1,"y":397,"w":284,"h":97,"offX":5,"offY":5,"sourceW":292,"sourceH":103},
"eyes_big_027":{"x":1,"y":100,"w":284,"h":97,"offX":5,"offY":5,"sourceW":292,"sourceH":103},
"eyes_big_028":{"x":573,"y":199,"w":284,"h":97,"offX":5,"offY":5,"sourceW":292,"sourceH":103},
"eyes_big_029":{"x":573,"y":199,"w":284,"h":97,"offX":5,"offY":5,"sourceW":292,"sourceH":103},
"eyes_big_030":{"x":573,"y":199,"w":284,"h":97,"offX":5,"offY":5,"sourceW":292,"sourceH":103},
"eyes_big_031":{"x":573,"y":199,"w":284,"h":97,"offX":5,"offY":5,"sourceW":292,"sourceH":103},
"eyes_big_032":{"x":573,"y":199,"w":284,"h":97,"offX":5,"offY":5,"sourceW":292,"sourceH":103},
"eyes_big_033":{"x":573,"y":199,"w":284,"h":97,"offX":5,"offY":5,"sourceW":292,"sourceH":103},
"eyes_big_034":{"x":573,"y":199,"w":284,"h":97,"offX":5,"offY":5,"sourceW":292,"sourceH":103},
"eyes_big_035":{"x":573,"y":199,"w":284,"h":97,"offX":5,"offY":5,"sourceW":292,"sourceH":103},
"eyes_big_036":{"x":573,"y":199,"w":284,"h":97,"offX":5,"offY":5,"sourceW":292,"sourceH":103},
"eyes_big_037":{"x":287,"y":397,"w":284,"h":97,"offX":5,"offY":5,"sourceW":292,"sourceH":103},
"eyes_big_038":{"x":573,"y":298,"w":284,"h":97,"offX":5,"offY":5,"sourceW":292,"sourceH":103}}}